usuario,email
Wnzwgtc,wnzwgtc@python.org
Wqfoesh,wqfoesh@mail.com
Zcxcbwk,zcxcbwk@mail.com
Ciqagmq,ciqagmq@mail.com
Nlbuxwq,nlbuxwq@python.org
Emmoeoh,emmoeoh@correo.dev
Mpmwloz,mpmwloz@mail.com
Aztjvcl,aztjvcl@mail.com
Ukdvzwj,ukdvzwj@python.org
Ramfoox,ramfoox@python.org
Enwmott,enwmott@correo.dev
Efbckse,efbckse@mail.com
Tfyglkp,tfyglkp@correo.dev
Ngpnoka,ngpnoka@python.org
Vdgrujv,vdgrujv@python.org
Hnopjix,hnopjix@mail.com
Njnrufn,njnrufn@python.org
Fhecjwc,fhecjwc@python.org
Pwtjggl,pwtjggl@correo.dev
Yndtdvr,yndtdvr@mail.com
Udhsgfs,udhsgfs@correo.dev
Gantmoe,gantmoe@correo.dev
Svckjzv,svckjzv@correo.dev
Mssvokw,mssvokw@mail.com
Lmcvlkd,lmcvlkd@correo.dev
Iwqwdgf,iwqwdgf@correo.dev
Pwvvcdh,pwvvcdh@mail.com
Kssgyrw,kssgyrw@mail.com
Wbtroyp,wbtroyp@correo.dev
Fzsnlqa,fzsnlqa@mail.com
